{"TourSize": 14, "DistanceMatrix": [[1.0, 153.76698292022573, 510.310557681455, 706.5955586375815, 966.8950771027831, 581.8052718382496, 455.56224987261413, 70.89043984464907, 160.5837536861632, 372.4072646695108, 157.67445993104633, 567.2235736023844, 342.3901979192421, 398.3439580771825], [153.76698292022573, 1.0, 422.81515778490893, 664.4887892528261, 997.5440259392136, 598.7754155297258, 507.96841742210546, 197.05079280459944, 311.91784805620347, 479.22527331828417, 310.2035404104907, 581.9186189408371, 417.11224833333523, 376.2897108273469], [510.310557681455, 422.81515778490893, 1.0, 289.04983979089224, 744.3370464878069, 390.5441747425801, 437.80583628561885, 491.89674347610656, 645.3527597605554, 880.5908854117197, 618.8970187537983, 374.07375416163165, 455.7688911347211, 211.7608712660567], [706.5955586375815, 664.4887892528261, 289.04983979089224, 1.0, 491.44853824008374, 265.11683230580235, 410.90867278840074, 664.444733353833, 804.7353924511863, 1070.2948372172518, 768.4517709683317, 259.9538025751407, 499.69168400105264, 310.2049480542838], [966.8950771027831, 997.5440259392136, 744.3370464878069, 491.44853824008374, 1.0, 400.8367490770464, 514.4634760720746, 902.170299824889, 990.2235126279955, 1261.736986221747, 947.5620191412991, 418.2896632425593, 635.8255429270523, 636.8678300811803], [581.8052718382496, 598.7754155297258, 390.5441747425801, 265.11683230580235, 400.8367490770464, 1.0, 168.45516953745673, 522.199508966591, 634.5598295941834, 910.2889312263935, 593.3709910856325, 19.08200348785461, 284.5716857824619, 239.95655410339504], [455.56224987261413, 507.96841742210546, 437.80583628561885, 410.90867278840074, 514.4634760720746, 168.45516953745673, 1.0, 389.40116411161614, 482.01641259170805, 757.0775088848109, 439.7390793107859, 163.48187025132617, 124.94447862740829, 232.74357799977523], [70.89043984464907, 197.05079280459944, 491.89674347610656, 664.444733353833, 902.170299824889, 522.199508966591, 389.40116411161614, 1.0, 154.64861611201948, 406.87446553821627, 133.21493690494236, 508.38302340771094, 273.8228157221128, 355.3887834524362], [160.5837536861632, 311.91784805620347, 645.3527597605554, 804.7353924511863, 990.2235126279955, 634.5598295941834, 482.01641259170805, 154.64861611201948, 1.0, 276.82715164225715, 43.67414189028627, 623.092332364588, 358.11238049749164, 498.48326002836166], [372.4072646695108, 479.22527331828417, 880.5908854117197, 1070.2948372172518, 1261.736986221747, 910.2889312263935, 757.0775088848109, 406.87446553821627, 276.82715164225715, 1.0, 318.578540094193, 898.6381357162293, 633.1438727288538, 761.2599310832677], [157.67445993104633, 310.2035404104907, 618.8970187537983, 768.4517709683317, 947.5620191412991, 593.3709910856325, 439.7390793107859, 133.21493690494236, 43.67414189028627, 318.578540094193, 1.0, 582.1741012532995, 315.8021771974603, 464.09256445494367], [567.2235736023844, 581.9186189408371, 374.07375416163165, 259.9538025751407, 418.2896632425593, 19.08200348785461, 163.48187025132617, 508.38302340771094, 623.092332364588, 898.6381357162293, 582.1741012532995, 1.0, 275.8695076055801, 221.92606322242105], [342.3901979192421, 417.11224833333523, 455.7688911347211, 499.69168400105264, 635.8255429270523, 284.5716857824619, 124.94447862740829, 273.8228157221128, 358.11238049749164, 633.1438727288538, 315.8021771974603, 275.8695076055801, 1.0, 247.26973296736764], [398.3439580771825, 376.2897108273469, 211.7608712660567, 310.2049480542838, 636.8678300811803, 239.95655410339504, 232.74357799977523, 355.3887834524362, 498.48326002836166, 761.2599310832677, 464.09256445494367, 221.92606322242105, 247.26973296736764, 1.0]], "OptDistance": 3323.0}